<?xml version="1.0" encoding="utf-8"?>
<productAdditionalComps>
   <dependsOn>
      <component>
         <name>GrassLight_for_Mac</name>
         <locale/>
         <platformList>
            <platform>maci64</platform>
         </platformList>
         <version>3.0</version>
      </component>
   </dependsOn>
   <isControllingProduct>true</isControllingProduct>
   <platform>maci64</platform>
   <productName>GrassLight_for_Mac</productName>
   <productNumber>5000</productNumber>
   <productBaseCode>GrassLight_for_Mac</productBaseCode>
   <productVersion>3.0</productVersion>
   <releaseFamily>R2024a</releaseFamily>
   <releaseDescription>R2024a</releaseDescription>
</productAdditionalComps>