<?xml version="1.0" encoding="utf-8"?>
<ApplicationInstallerManifest>
   <DefaultInstallationDirectory>/Applications/GrassLight_for_Mac/</DefaultInstallationDirectory>
   <ApplicationName>GrassLight_for_Mac</ApplicationName>
   <ExecutableName>application/GrassLight_for_Mac.exe</ExecutableName>
   <GUID>f1fd45c1-1c42-4f2e-927d-9db885b1fdc8</GUID>
   <ApplicationIcon>default_icon_48.png</ApplicationIcon>
   <Logo>default_logo.png</Logo>
   <Version>3.0</Version>
   <InstallationNotes>In the following directions, replace MR/R2024a by the directory on the target machine where MATLAB is installed, or MR by the directory where the MATLAB Runtime is installed.

If the environment variable DYLD_LIBRARY_PATH is undefined, set it to the following string:

MR/R2024a/runtime/maci64:MR/R2024a/sys/os/maci64:MR/R2024a/bin/maci64

If it is defined, set it to the following:

${DYLD_LIBRARY_PATH}:MR/R2024a/runtime/maci64:MR/R2024a/sys/os/maci64:MR/R2024a/bin/maci64
</InstallationNotes>
   <Summary>GrassLight 3.0 is copyright © 2024 by Richard C. Zimmerman. All rights reserved worldwide.</Summary>
   <WelcomePanelText>GrassLight_for_Mac 3.0
GrassLight 3.0 is copyright © 2024 by Richard C. Zimmerman. All rights reserved worldwide.

GrassLight, an experimental simulation model, is provided ‘as is’ for research purposes only. No warranties as to the accuracy, effectiveness, or applicability of the software or its data products, for any purpose whatsoever, are expressed or implied. In no case shall Richard C. Zimmerman be liable for any losses or damages, commercial or private, but not limited to special, consequential or other damages, from the use of this product.

Richard C. Zimmerman reserves the right to revise GrassLight software, User’s Guide, Technical Documentation, or other publications or products without obligation to notify any person or organization of such revision.

Richard C. ZImmerman</WelcomePanelText>
   <MCRProducts>
      <MCRProduct>
         <ExternalProductIdentifier>35002</ExternalProductIdentifier>
      </MCRProduct>
      <MCRProduct>
         <ExternalProductIdentifier>35003</ExternalProductIdentifier>
      </MCRProduct>
      <MCRProduct>
         <ExternalProductIdentifier>35010</ExternalProductIdentifier>
      </MCRProduct>
   </MCRProducts>
</ApplicationInstallerManifest>